﻿{
  "ProviderId": "Microsoft.VisualStudio.ConnectedService.Wcf",
  "Version": "15.0.20628.921",
  "ExtendedData": {
    "Uri": "http://localhost:50290/MeuServico.svc",
    "Namespace": "ServiceReference1",
    "SelectedAccessLevelForGeneratedClass": "Public",
    "GenerateMessageContract": false,
    "ReuseTypesinReferencedAssemblies": true,
    "ReuseTypesinAllReferencedAssemblies": true,
    "CollectionTypeReference": {
      "Item1": "System.Array",
      "Item2": "System.Runtime.dll"
    },
    "DictionaryCollectionTypeReference": {
      "Item1": "System.Collections.Generic.Dictionary`2",
      "Item2": "System.Collections.dll"
    },
    "CheckedReferencedAssemblies": [],
    "InstanceId": null,
    "Name": "ServiceReference1",
    "Metadata": {}
  }
}